"","baseMean","log2FoldChange","lfcSE","stat","pvalue","padj"
"ABCF1",1.46472911371577,1.06735451102334,0.246045532056629,4.33803654998979,1.43761251453753e-05,0.00261062661761558
"AC096579.7",8.34996781753805,2.12985699870615,0.537977991808375,3.95900395766522,7.52629898080229e-05,0.00887387584690815
"AJ271736.10",1.09737888427129,-1.30350853421531,0.373681170397559,-3.48829065384406,0.00048611932768521,0.0343814290812308
"APOE",4.8583461245483,2.20458658499921,0.611584036874788,3.60471570884144,0.000312494809426128,0.024516798299004
"CCDC59",2.72065631709043,0.450324883293603,0.133243011610776,3.37972609482195,0.000725581008640695,0.0464302742576841
"CCNL1",5.45468034861574,0.584308259065322,0.154590549790427,3.77971525334147,0.000157007809733007,0.0159838708120617
"CDC5L",1.27856082032176,1.0143820924852,0.262538154354403,3.86375113735231,0.000111658981785642,0.0122989622724218
"CHMP4B",2.37386247862512,0.767848750164442,0.223557054161575,3.43468808463312,0.000593236230795941,0.039077982693313
"CHURC1",2.72708593676471,0.841864449714014,0.198005543498525,4.25172161768433,2.12133447751791e-05,0.0035633115886107
"CITED2",8.80150702822984,0.823178701432508,0.229332967579492,3.58944773671572,0.000331379257578275,0.0247393025740937
"CLK1",3.29013400256781,0.595360971113495,0.164581247172863,3.61742896800494,0.000297543950268128,0.0237999738315661
"CXCL14",3.51898476092938,1.48813252637417,0.414569673343836,3.58958366243046,0.000331206522172365,0.0247393025740937
"DDX3X",3.97368307952601,1.14974807553859,0.19040455925163,6.03844823914714,1.5560332376449e-09,1.04549873237361e-06
"DNAJC21",0.506168164988695,1.0359332427773,0.26191295823542,3.95525769231378,7.64522004403277e-05,0.00887387584690815
"DOCK8",1.97956232788247,0.786375413601816,0.198024302986871,3.97110557512707,7.1539865348428e-05,0.00887387584690815
"DUSP1",54.9392932871125,0.735359063326691,0.202093980964086,3.63869848977527,0.000274019387227073,0.0233980780531882
"DYNC1I2",1.35510031807437,0.924721748838774,0.261137042578616,3.54113587144721,0.000398408356329148,0.0290968015888646
"EIF1AX",5.22295947086227,0.801578152642595,0.166922123955427,4.80210851412746,1.57003565567033e-06,0.000440398801981851
"EIF1AY",1.52279350250014,-4.32696511002758,0.250925074633403,-17.244052298676,1.24029904253831e-66,4.16678463340746e-63
"EIF2S3",1.81255888553976,0.898422400456963,0.260483634120363,3.44905507592014,0.000562551949178411,0.0378902168063121
"EIF4A2",14.4435313855772,0.558471981799698,0.126989156540922,4.39779266995708,1.09357367134496e-05,0.00209934899936194
"EIF5A",3.9511294877356,1.59373703176828,0.245332909004201,6.49622196319771,8.23621150624938e-11,6.9173881388112e-08
"FAM107B",2.0272094297847,0.883498028499096,0.232478613598442,3.80034109298825,0.000144497054772002,0.0154107255716362
"FBXL3",0.99582641565336,1.10915757621523,0.262234026446836,4.22964781208549,2.34057449358942e-05,0.00383568781034812
"FOS",60.9304137652213,1.06641721336435,0.210937613929293,5.05560479944471,4.29028951432624e-07,0.00014413227623379
"GABARAP",3.19790972219723,1.26458281614906,0.314719778712965,4.01812311040802,5.86635471113923e-05,0.00772076763479102
"HERPUD1",23.8553937116094,1.0024348879246,0.267540562392913,3.74685198744711,0.000179067672999652,0.0174370390562995
"HIST1H4C",8.42275164857064,1.47886385911504,0.344482460755222,4.29300190167263,1.76273495999233e-05,0.00311679373583906
"HLA-E",34.1360694173648,0.463435611833242,0.114083643009134,4.06224415358245,4.86032035739621e-05,0.0067070539474869
"HSPD1",7.30672900013535,0.674624227052209,0.197786256739649,3.41087514457708,0.000647547363348421,0.0418352955224811
"IGHA2",58.126082968733,2.64221954982714,0.494808416035584,5.33988401207212,9.30060659621584e-08,4.16605171466495e-05
"IGHV3-7",0.48053665296771,1.66591466781956,0.483439771164228,3.44596114591002,0.000569032168211911,0.0378902168063121
"IGJ",101.293385969344,2.2714170470126,0.497457204987342,4.56605517869702,4.96987998914652e-06,0.00115146978093364
"IGKC",285.489738454063,1.902682709834,0.529374993294398,3.59420587284121,0.000325382485865435,0.0247393025740937
"IGKV3-20",1.34232048121372,1.28084621403477,0.362187556021896,3.53641695507987,0.000405593996086554,0.0293030759108125
"IGLC3",33.4839303643856,3.24100750130953,0.469579668908616,6.90193318812586,5.12995633710649e-12,5.74469610483642e-09
"IGLL5",16.0551096238698,2.78833933606828,0.767200128396147,3.63443543980809,0.000278590005098238,0.0233980780531882
"INTS6",0.655817282474604,1.11063605993885,0.282639621938172,3.92951296892764,8.51180860985076e-05,0.00969336305925208
"IQCB1",0.768586917059276,1.00392381632947,0.291354882838043,3.44570788225825,0.000569565693918369,0.0378902168063121
"IRF1",8.47009905168398,1.22179632017566,0.181901360075513,6.71680695333145,1.85749788258352e-11,1.78293261043981e-08
"ITGA4",1.54406600457713,0.899304689689973,0.226960355973338,3.96238667247957,7.42042325459484e-05,0.00887387584690815
"IWS1",0.748702689814019,0.912973415989936,0.27140059383322,3.36393300801314,0.00076840192675554,0.0487065334516082
"JAK1",3.92474093834411,0.785051871633171,0.216835570121117,3.62049395860038,0.000294041117071067,0.0237999738315661
"KIAA0040",0.696873949736975,1.0016162731132,0.292020654035151,3.42995010549027,0.000603692247026839,0.0393806622113916
"KLF2",2.13894686638878,1.6064464074675,0.338113591751595,4.75120328391804,2.02209716214164e-06,0.000522556570478065
"KLHL28",0.610762609031704,1.06307773856211,0.299858625290216,3.54526316370997,0.00039222128229823,0.0289597230303495
"KTN1",3.92195155342112,0.604038311089539,0.171749754609393,3.51696753490735,0.000436507167555855,0.0312009750936999
"MAP2K2",1.56848816944733,1.10221112825625,0.230347058061174,4.78500197716235,1.70985649596053e-06,0.000459541031854352
"METTL15",0.725551864041939,1.00090808226824,0.257420421785142,3.88822330150501,0.000100980702825384,0.0113081557047293
"MT-ATP6",87.9617236556234,-0.978950016963807,0.214382725880757,-4.5663661236788,4.96251719028999e-06,0.00115146978093364
"MT-CO2",212.246406576553,-0.620859007319194,0.152892254249356,-4.06076168061867,4.89128804028662e-05,0.0067070539474869
"MT-CYB",147.129357119601,-0.596182060378888,0.144954123097775,-4.11290170736814,3.90716772689431e-05,0.00558558722489423
"MT-ND2",101.782521930743,-0.75579744863937,0.186948092215616,-4.04281979923964,5.28122087662112e-05,0.00709690461400346
"MT-RNR1",81.4639404705742,-1.47596510706925,0.250566474756198,-5.8905131203421,3.84998301247905e-09,2.35163962371334e-06
"MT-RNR2",247.541945914218,-1.47877027325164,0.22831122490444,-6.47699329663088,9.35683481598738e-11,6.98539701429102e-08
"MTRNR2L1",9.47669882634141,-2.20730520720777,0.531460468125959,-4.15328202112791,3.2774040494759e-05,0.00489352840187302
"NCL",5.45060724744752,0.85588631136523,0.194439261375958,4.4018183637837,1.07347407985378e-05,0.00209934899936194
"NDUFB1",5.27594545869953,0.72287389101315,0.180335766164303,4.00848875621568,6.11085477055047e-05,0.0077469496610054
"NME1-NME2",1.0965924242362,1.8801776307292,0.475417627434424,3.95479158161534,7.66013988868393e-05,0.00887387584690815
"PNRC2",0.700758541841965,1.22772679644412,0.338778321293776,3.62398276181161,0.000290100948675929,0.0237999738315661
"POLR2J3",1.71831035537426,0.808098706375259,0.22443285060215,3.60062577384345,0.000317452217891553,0.024516798299004
"PPP3CB",0.612271733904989,1.02712033858854,0.271353188258306,3.78517881135344,0.000153598097397014,0.0158773171755467
"PRMT10",2.50228017440993,1.28039022544373,0.292820221118992,4.37261545855955,1.22766853371541e-05,0.00229130691056496
"PRPF4B",1.1735414837547,0.82857114199676,0.220491416924968,3.75783852973613,0.00017138741350489,0.016934588696167
"REG4",1.02729428659975,-1.43712456799762,0.413876294842623,-3.47235293711153,0.000515917589322173,0.0357366008521205
"RNA18S5",62.8665291286468,1.58150577477988,0.301540190868982,5.24475948039388,1.5648633111742e-07,6.57144786736214e-05
"RNASEK",0.851086683184287,1.96268452721392,0.389503670268953,5.03893718346399,4.68124082563771e-07,0.000149777414797428
"RNF139",2.64681311834943,0.68199569174671,0.203286048079881,3.35485734603252,0.000794059212375562,0.0498624658687047
"RNF187",1.40307651189241,0.747456846942087,0.204631665008973,3.6526939606796,0.000259503444805181,0.0233980780531882
"RP11-347P5.1",2.36182374794799,1.42024959212264,0.247695524339141,5.73385246225949,9.81747382816588e-09,4.71168618938904e-06
"RPL10A",89.5334375888627,-0.149621947412217,0.0410139131425795,-3.64807783378475,0.000264209604806434,0.0233980780531882
"RPL17",24.9188464588415,1.16096623637414,0.198953885588414,5.83535341840918,5.3676667942347e-09,2.77425793772792e-06
"RPL36A",28.0553858905164,0.463801606254059,0.0908822907818597,5.10332213530246,3.33742182282436e-07,0.000124578540153094
"RPL37A",54.2687896954469,0.321394648533967,0.0883901584548634,3.63609087428085,0.000276806715573572,0.0233980780531882
"RPL7",136.664618666311,-0.241481074990511,0.0630476015673135,-3.83013895830265,0.000128070915757793,0.0138791690802679
"RPL9",94.008420177936,-0.226856213843598,0.0598480922529597,-3.79053375477277,0.00015032390120397,0.0157816608154606
"RPS14",203.921310035538,-0.153627640862782,0.0412064262795758,-3.72824471164897,0.000192818099719825,0.0185077830288215
"RPS17",0.57804526158079,0.942602936719639,0.249714947859992,3.77471571004283,0.000160190242464877,0.0160644513301718
"RPS27",195.183494408082,0.360988945994479,0.0989472658541685,3.64829632105767,0.000263985064048558,0.0233980780531882
"RPS28",89.7161629075314,0.33070518003079,0.0640085274326245,5.16658003699415,2.38416134580022e-07,9.42304710731276e-05
"RPS29",71.4184236008689,0.733459236903061,0.14602687434791,5.02276885798151,5.09318264308709e-07,0.000155550428085919
"RPS4X",195.701683038344,0.54838050479642,0.0491877637991493,11.1487179420404,7.26454930294471e-29,1.22026266916214e-25
"RPS4Y1",12.1425249566077,-7.40699132267029,0.212534773850774,-34.8507267232934,4.15109093828673e-266,2.78911800143486e-262
"RPSAP58",9.04781567516885,0.700727701497976,0.153938542219204,4.55199647467208,5.31392262624071e-06,0.00115174987502295
"RSRC2",4.24890240461294,0.923027731583253,0.157437763153637,5.86281025018444,4.55098190681588e-09,2.54817061932466e-06
"SAMD9L",1.23574721294323,1.33819863028289,0.298685307379866,4.48029614185535,7.45395441069475e-06,0.00156509749017056
"SCAF11",3.15646412941603,0.569623971641343,0.156258421936519,3.64539693017478,0.000266979403789935,0.0233980780531882
"SMARCA5",1.27004055109022,0.722516810137698,0.209236888805557,3.45310434628538,0.000554174591919422,0.0378902168063121
"SMC1A",1.16492970664246,1.07919309896107,0.299590551632548,3.60222674940936,0.00031550297152752,0.024516798299004
"SNHG5",14.4953825037707,1.25943385687963,0.155078178684297,8.12128352012403,4.6127902670576e-16,6.198667560872e-13
"SNHG9",1.01062680928939,0.959572320483508,0.214981594835151,4.46350917258434,8.06281451050234e-06,0.00164163789988076
"SNORA76",0.609838671317458,1.51656916682306,0.322163143026943,4.70745707461711,2.50826076300884e-06,0.00062418533580209
"STAT1",2.60163080667896,1.51063345625567,0.297072011533142,5.08507499060421,3.67480844911666e-07,0.000129952831419026
"TIMP1",40.6792865594053,-1.54245612024732,0.370745405832478,-4.16041870238113,3.17664681015297e-05,0.00485088407214041
"TLE4",0.921672429310919,1.06857949573686,0.288634028830324,3.7021951294767,0.000213742125916122,0.019946296444867
"TMF1",1.01007537550375,0.843383705317133,0.232887642860845,3.62141887374021,0.000292991685782254,0.0237999738315661
"TXNIP",5.41972269102557,0.882599699755887,0.193874311190917,4.55243242043939,5.30291978270154e-06,0.00115174987502295
"UPF2",1.84175896946092,0.683605871161033,0.196212787012501,3.48400265634818,0.000493974585244629,0.0345730753985278
"USF2",1.89754191269277,0.813555124109233,0.219390567966997,3.7082502299352,0.000208696373486636,0.0197497314571367
"WAPAL",1.09060099689989,1.0650138110434,0.249576969114106,4.26727600236412,1.97874290064646e-05,0.00340901885883168
"XIST",2.23898988923031,4.49673927099558,0.346475952580542,12.9785032337858,1.62015780354507e-38,3.62861342733977e-35
"XPO1",0.996393384412009,1.11173161225877,0.276978407185914,4.01378440851728,5.97529270738404e-05,0.00772076763479102
"XRN1",0.74933547210079,1.1789369429226,0.283025254664147,4.1654831980333,3.1069380624304e-05,0.00485088407214041
"YPEL3",2.27603352191213,0.883714676241045,0.210456293125522,4.19904134543496,2.68047379151229e-05,0.00428811985837407
"ZFX",0.698936938013517,1.46235648666807,0.304548482946512,4.80171981984525,1.57308695454151e-06,0.000440398801981851
"ZRSR2",0.968676104436965,0.854233829514195,0.206840967933616,4.12990636259426,3.62911014014096e-05,0.00530086761556676
"ZSCAN16-AS1",0.540607595559761,1.00866934232005,0.277491380095453,3.63495738848924,0.000278026585678029,0.0233980780531882
